Insert into PAR_PARAMETERS (PAR_ID,PAR_KEY,PAR_VALUE,PAR_ENT_ID,VERSION) values ('5150','FTP_USER_KEY','YnJz','50','2');
Insert into PAR_PARAMETERS (PAR_ID,PAR_KEY,PAR_VALUE,PAR_ENT_ID,VERSION) values ('21100','FTP_PASS_KEY','YnJzMjAwOTku','50','0');
Insert into PAR_PARAMETERS (PAR_ID,PAR_KEY,PAR_VALUE,PAR_ENT_ID,VERSION) values ('206200','EXPORT_FILES_REPOSITORY','D:\\EATM','50','0');
Insert into PAR_PARAMETERS (PAR_ID,PAR_KEY,PAR_VALUE,PAR_ENT_ID,VERSION) values ('233101','ELOG_REPOSITORY','D:\\BGFI\\EJR','1','0');



Insert into PAR_ENTITY (ENT_ID,ENT_CODE,ENT_NAME,ENT_ETY_ID,ENT_ENT_ID,ENT_LAN_ID,CREATED_DATE,CREATED_BY,LAST_UPDATED,LAST_UPDATED_BY,VERSION) values ('1','ROOT','ROOT','1',null,null,null,null,null,null,'1');
Insert into PAR_ENTITY (ENT_ID,ENT_CODE,ENT_NAME,ENT_ETY_ID,ENT_ENT_ID,ENT_LAN_ID,CREATED_DATE,CREATED_BY,LAST_UPDATED,LAST_UPDATED_BY,VERSION) values ('50','B1','Banque1','2','1','51',null,null,null,null,'1');
Insert into PAR_ENTITY (ENT_ID,ENT_CODE,ENT_NAME,ENT_ETY_ID,ENT_ENT_ID,ENT_LAN_ID,CREATED_DATE,CREATED_BY,LAST_UPDATED,LAST_UPDATED_BY,VERSION) values ('3050','B2','Banque2','2','1','51',null,null,null,null,'1');
Insert into PAR_ENTITY (ENT_ID,ENT_CODE,ENT_NAME,ENT_ETY_ID,ENT_ENT_ID,ENT_LAN_ID,CREATED_DATE,CREATED_BY,LAST_UPDATED,LAST_UPDATED_BY,VERSION) values ('1050','B1A1','Agence1','4','50',null,null,null,null,null,'1');
Insert into PAR_ENTITY (ENT_ID,ENT_CODE,ENT_NAME,ENT_ETY_ID,ENT_ENT_ID,ENT_LAN_ID,CREATED_DATE,CREATED_BY,LAST_UPDATED,LAST_UPDATED_BY,VERSION) values ('2050','B1A2','Agence2','4','50',null,null,null,null,null,'1');
Insert into PAR_ENTITY (ENT_ID,ENT_CODE,ENT_NAME,ENT_ETY_ID,ENT_ENT_ID,ENT_LAN_ID,CREATED_DATE,CREATED_BY,LAST_UPDATED,LAST_UPDATED_BY,VERSION) values ('3052','A1B2','Agence1_B2','4','3050',null,null,null,null,null,'1');



Insert into PAR_COUNTRY (COU_ID,COU_ISO_NUM,COU_NAME,COU_ALPHA_2,COU_ALPHA_3,VERSION) values ('50','212','Maroc','MA','MAR','0');
Insert into PAR_COUNTRY (COU_ID,COU_ISO_NUM,COU_NAME,COU_ALPHA_2,COU_ALPHA_3,VERSION) values ('51','123','FRANCE','FR','FRA','0');
Insert into PAR_COUNTRY (COU_ID,COU_ISO_NUM,COU_NAME,COU_ALPHA_2,COU_ALPHA_3,VERSION) values ('2050','MA','Maroc',null,null,'0');
Insert into PAR_COUNTRY (COU_ID,COU_ISO_NUM,COU_NAME,COU_ALPHA_2,COU_ALPHA_3,VERSION) values ('207200','466','MALI','ML','MLI','1');


Insert into PAR_EVENT_CATEGORY (ECA_ID,ECA_CODE,ECA_NAME,ECA_APM_ID,VERSION) values ('4100','SLAALR','SLA event','10','3');
Insert into PAR_EVENT_CATEGORY (ECA_ID,ECA_CODE,ECA_NAME,ECA_APM_ID,VERSION) values ('21050','ISSALR','Issue event','10','2');


Insert into PAR_REGIONS (REG_ID,REG_CODE,REG_NAME,REG_POS_X,REG_POS_Y,REG_COU_ID,REG_ENT_ID,VERSION) values ('100','12','Bamako','-8,0405832777','12,6484948217','207200','1050','1');
Insert into PAR_REGIONS (REG_ID,REG_CODE,REG_NAME,REG_POS_X,REG_POS_Y,REG_COU_ID,REG_ENT_ID,VERSION) values ('101','kayes','Kayes','-11,4383733438','14,4476469169','207200','2050','3');
Insert into PAR_REGIONS (REG_ID,REG_CODE,REG_NAME,REG_POS_X,REG_POS_Y,REG_COU_ID,REG_ENT_ID,VERSION) values ('4050','mopti','Mopti','-4,1920210727','14,490184907','207200','3050','3');
Insert into PAR_REGIONS (REG_ID,REG_CODE,REG_NAME,REG_POS_X,REG_POS_Y,REG_COU_ID,REG_ENT_ID,VERSION) values ('5050','Segou','Segou','-6,5774816969','13,5641886396','207200','50','2');
Insert into PAR_REGIONS (REG_ID,REG_CODE,REG_NAME,REG_POS_X,REG_POS_Y,REG_COU_ID,REG_ENT_ID,VERSION) values ('21150','Oujda','Oujda','-1,9359684085','34,6974687533','50','50','1');
Insert into PAR_REGIONS (REG_ID,REG_CODE,REG_NAME,REG_POS_X,REG_POS_Y,REG_COU_ID,REG_ENT_ID,VERSION) values ('6050','Casablanca','Casablanca','-7,5585938','33,47208','2050','50','0');
Insert into PAR_REGIONS (REG_ID,REG_CODE,REG_NAME,REG_POS_X,REG_POS_Y,REG_COU_ID,REG_ENT_ID,VERSION) values ('2050','Rabat-Sale','Rabat-Salé','-6,6961669922','33,9433599466','2050','50','13');
Insert into PAR_REGIONS (REG_ID,REG_CODE,REG_NAME,REG_POS_X,REG_POS_Y,REG_COU_ID,REG_ENT_ID,VERSION) values ('3050','Sikasso','Sikasso','-5,7053265664','11,3339125836','207200','50','3');
Insert into PAR_REGIONS (REG_ID,REG_CODE,REG_NAME,REG_POS_X,REG_POS_Y,REG_COU_ID,REG_ENT_ID,VERSION) values ('7050','Agadir','Agadir','30,414886','-9,448242','2050','50','0');
Insert into PAR_REGIONS (REG_ID,REG_CODE,REG_NAME,REG_POS_X,REG_POS_Y,REG_COU_ID,REG_ENT_ID,VERSION) values ('21151','FES','Fes','-5,0106565014','34,0378352865','50','50','1');
Insert into PAR_REGIONS (REG_ID,REG_CODE,REG_NAME,REG_POS_X,REG_POS_Y,REG_COU_ID,REG_ENT_ID,VERSION) values ('207256','Koutiala','Koutiala','-5,4677399724','12,393021232','207200','3050','1');




Insert into TOP_NE_MARK (MRK_ID,MRK_NAME,MRK_CODE,CREATED_DATE,CREATED_BY,LAST_UPDATED,LAST_UPDATED_BY,VERSION) values ('3','DIEBOLD','3',null,null,null,null,'0');
Insert into TOP_NE_MARK (MRK_ID,MRK_NAME,MRK_CODE,CREATED_DATE,CREATED_BY,LAST_UPDATED,LAST_UPDATED_BY,VERSION) values ('1','NCR','1',null,null,null,null,'0');
Insert into TOP_NE_MARK (MRK_ID,MRK_NAME,MRK_CODE,CREATED_DATE,CREATED_BY,LAST_UPDATED,LAST_UPDATED_BY,VERSION) values ('2','WINCOR','2',null,null,null,null,'0');
Insert into TOP_NE_MARK (MRK_ID,MRK_NAME,MRK_CODE,CREATED_DATE,CREATED_BY,LAST_UPDATED,LAST_UPDATED_BY,VERSION) values ('666100','SIGMA','4',null,null,null,null,'0');



Insert into TOP_NE_MODELE (MDL_ID,MDL_NAME,MDL_CODE,MDL_MRK_ID,CREATED_DATE,CREATED_BY,LAST_UPDATED,LAST_UPDATED_BY,VERSION) values ('50','model1','M1','1',null,null,null,null,'0');
Insert into TOP_NE_MODELE (MDL_ID,MDL_NAME,MDL_CODE,MDL_MRK_ID,CREATED_DATE,CREATED_BY,LAST_UPDATED,LAST_UPDATED_BY,VERSION) values ('2050','modele 2','modele2','3',null,null,null,null,'0');
Insert into TOP_NE_MODELE (MDL_ID,MDL_NAME,MDL_CODE,MDL_MRK_ID,CREATED_DATE,CREATED_BY,LAST_UPDATED,LAST_UPDATED_BY,VERSION) values ('2100','modele 3','modele3','3',null,null,null,null,'0');






Insert into ALR_CHANNEL (CHA_ID,CHA_CODE,CHA_NAME,CHA_STATUS,CHA_FONC_STATUS,CHA_STATUS_REASON,CHA_CTY_ID,CHA_ENT_ID,CREATED_DATE,CREATED_BY,LAST_UPDATED,LAST_UPDATED_BY,VERSION) values ('10300','cha01','cha 01',null,'D','No parameter is defined','10050','50',null,'admin',null,'admin','2');
Insert into ALR_CHANNEL (CHA_ID,CHA_CODE,CHA_NAME,CHA_STATUS,CHA_FONC_STATUS,CHA_STATUS_REASON,CHA_CTY_ID,CHA_ENT_ID,CREATED_DATE,CREATED_BY,LAST_UPDATED,LAST_UPDATED_BY,VERSION) values ('12150','test','test',null,'D','No parameter is defined','10050','3050',null,'admin',null,'admin','1');
Insert into ALR_CHANNEL (CHA_ID,CHA_CODE,CHA_NAME,CHA_STATUS,CHA_FONC_STATUS,CHA_STATUS_REASON,CHA_CTY_ID,CHA_ENT_ID,CREATED_DATE,CREATED_BY,LAST_UPDATED,LAST_UPDATED_BY,VERSION) values ('14650','uo','uo 1',null,'D','Mandatory parameter not set:mail.smtp.from','10050','50',null,'admin',null,'admin','2');
Insert into ALR_CHANNEL (CHA_ID,CHA_CODE,CHA_NAME,CHA_STATUS,CHA_FONC_STATUS,CHA_STATUS_REASON,CHA_CTY_ID,CHA_ENT_ID,CREATED_DATE,CREATED_BY,LAST_UPDATED,LAST_UPDATED_BY,VERSION) values ('13000','test','cha 01',null,'D','Mandatory parameter not set:mail.smtp.from','10050','3050',null,'admin',null,'admin','4');
Insert into ALR_CHANNEL (CHA_ID,CHA_CODE,CHA_NAME,CHA_STATUS,CHA_FONC_STATUS,CHA_STATUS_REASON,CHA_CTY_ID,CHA_ENT_ID,CREATED_DATE,CREATED_BY,LAST_UPDATED,LAST_UPDATED_BY,VERSION) values ('14250','jolo','yolo',null,'D','Mandatory parameter not set:mail.smtp.from','10050','3050',null,'admin',null,'admin','10');


Insert into ALR_CHA_CONF_VAL (CCV_ID,CCV_VALUE,CCV_CCK_ID,CCV_CHA_ID,CREATED_DATE,CREATED_BY,LAST_UPDATED,LAST_UPDATED_BY,VERSION) values ('14400','localhost','12101','14250',null,'admin',null,'admin','0');
Insert into ALR_CHA_CONF_VAL (CCV_ID,CCV_VALUE,CCV_CCK_ID,CCV_CHA_ID,CREATED_DATE,CREATED_BY,LAST_UPDATED,LAST_UPDATED_BY,VERSION) values ('14401','user','12103','13000',null,'admin',null,'admin','0');
Insert into ALR_CHA_CONF_VAL (CCV_ID,CCV_VALUE,CCV_CCK_ID,CCV_CHA_ID,CREATED_DATE,CREATED_BY,LAST_UPDATED,LAST_UPDATED_BY,VERSION) values ('14700','localhost','12101','14650',null,'admin',null,'admin','0');
Insert into ALR_CHA_CONF_VAL (CCV_ID,CCV_VALUE,CCV_CCK_ID,CCV_CHA_ID,CREATED_DATE,CREATED_BY,LAST_UPDATED,LAST_UPDATED_BY,VERSION) values ('14701','pass1234','12104','14650',null,'admin',null,'admin','0');
Insert into ALR_CHA_CONF_VAL (CCV_ID,CCV_VALUE,CCV_CCK_ID,CCV_CHA_ID,CREATED_DATE,CREATED_BY,LAST_UPDATED,LAST_UPDATED_BY,VERSION) values ('14702','127.0.0.1','12101','14650',null,'admin',null,'admin','0');
Insert into ALR_CHA_CONF_VAL (CCV_ID,CCV_VALUE,CCV_CCK_ID,CCV_CHA_ID,CREATED_DATE,CREATED_BY,LAST_UPDATED,LAST_UPDATED_BY,VERSION) values ('13050','896','12101','13000',null,'admin',null,'admin','0');
Insert into ALR_CHA_CONF_VAL (CCV_ID,CCV_VALUE,CCV_CCK_ID,CCV_CHA_ID,CREATED_DATE,CREATED_BY,LAST_UPDATED,LAST_UPDATED_BY,VERSION) values ('14300','root','12103','14250',null,'admin',null,'admin','0');
Insert into ALR_CHA_CONF_VAL (CCV_ID,CCV_VALUE,CCV_CCK_ID,CCV_CHA_ID,CREATED_DATE,CREATED_BY,LAST_UPDATED,LAST_UPDATED_BY,VERSION) values ('14703','127.0.0.2','12101','14650',null,'admin',null,'admin','0');
Insert into ALR_CHA_CONF_VAL (CCV_ID,CCV_VALUE,CCV_CCK_ID,CCV_CHA_ID,CREATED_DATE,CREATED_BY,LAST_UPDATED,LAST_UPDATED_BY,VERSION) values ('14350','123456789','12104','14250',null,'admin',null,'admin','1');
Insert into ALR_CHA_CONF_VAL (CCV_ID,CCV_VALUE,CCV_CCK_ID,CCV_CHA_ID,CREATED_DATE,CREATED_BY,LAST_UPDATED,LAST_UPDATED_BY,VERSION) values ('14704','pass1234','12104','14650',null,'admin',null,'admin','0');
Insert into ALR_CHA_CONF_VAL (CCV_ID,CCV_VALUE,CCV_CCK_ID,CCV_CHA_ID,CREATED_DATE,CREATED_BY,LAST_UPDATED,LAST_UPDATED_BY,VERSION) values ('14705','localhost','12101','14650',null,'admin',null,'admin','0');
Insert into ALR_CHA_CONF_VAL (CCV_ID,CCV_VALUE,CCV_CCK_ID,CCV_CHA_ID,CREATED_DATE,CREATED_BY,LAST_UPDATED,LAST_UPDATED_BY,VERSION) values ('36351','admin2','12102','14250',null,'admin',null,'admin','1');


Insert into ALR_CHA_CONF_KEY (CCK_ID,CCK_KEY,CCK_CTY_ID,CREATED_DATE,CREATED_BY,LAST_UPDATED,LAST_UPDATED_BY,VERSION) values ('12101','mail.smtp.host','10050',null,'admin',null,'admin','2');
Insert into ALR_CHA_CONF_KEY (CCK_ID,CCK_KEY,CCK_CTY_ID,CREATED_DATE,CREATED_BY,LAST_UPDATED,LAST_UPDATED_BY,VERSION) values ('12102','mail.smtp.auth','10050',null,'admin',null,'admin','0');
Insert into ALR_CHA_CONF_KEY (CCK_ID,CCK_KEY,CCK_CTY_ID,CREATED_DATE,CREATED_BY,LAST_UPDATED,LAST_UPDATED_BY,VERSION) values ('12103','mail.smtp.user','10050',null,'admin',null,'admin','0');
Insert into ALR_CHA_CONF_KEY (CCK_ID,CCK_KEY,CCK_CTY_ID,CREATED_DATE,CREATED_BY,LAST_UPDATED,LAST_UPDATED_BY,VERSION) values ('12104','mail.smtp.pass','10050',null,'admin',null,'admin','0');


Insert into ALR_QUEUE (QUE_ID,QUE_NAME,QUE_DESCRIPTION,QUE_ESCAL_POLICY,QUE_STATUS,QUE_ESCAL_INTERVAL,QUE_FONC_STATUS,QUE_STATUS_REASON,QUE_NEXT_QUE_ID,QUE_ENT_ID,CREATED_DATE,CREATED_BY,LAST_UPDATED,LAST_UPDATED_BY,VERSION) values ('12300','queue1','queue1','N','1','12','D','Queue is inactive',null,'50',null,'admin',null,'admin','2');
Insert into ALR_QUEUE (QUE_ID,QUE_NAME,QUE_DESCRIPTION,QUE_ESCAL_POLICY,QUE_STATUS,QUE_ESCAL_INTERVAL,QUE_FONC_STATUS,QUE_STATUS_REASON,QUE_NEXT_QUE_ID,QUE_ENT_ID,CREATED_DATE,CREATED_BY,LAST_UPDATED,LAST_UPDATED_BY,VERSION) values ('12800','queue2','queue2','D','0','12','D','Queue is inactive','12300','3050',null,'admin',null,'admin','4');


Insert into MON_PLANNED_ACT (PLA_ID,PLA_DESCRIPTION,PLA_START_DATE,PLA_END_DATE,PLA_STATUS,PLA_EFF_START,PLA_EFF_END,PLA_OBSERVATION,PLA_FILTRE,PLA_BAN_ID,VERSION) values ('8103','pla2',null,null,'T',null,null,null,'A','50','0');
Insert into MON_PLANNED_ACT (PLA_ID,PLA_DESCRIPTION,PLA_START_DATE,PLA_END_DATE,PLA_STATUS,PLA_EFF_START,PLA_EFF_END,PLA_OBSERVATION,PLA_FILTRE,PLA_BAN_ID,VERSION) values ('8104','pla3',null,null,'T',null,null,null,'G','1','0');
Insert into MON_PLANNED_ACT (PLA_ID,PLA_DESCRIPTION,PLA_START_DATE,PLA_END_DATE,PLA_STATUS,PLA_EFF_START,PLA_EFF_END,PLA_OBSERVATION,PLA_FILTRE,PLA_BAN_ID,VERSION) values ('8102','pla1',null,null,'S',null,null,null,'A','50','0');
Insert into MON_PLANNED_ACT (PLA_ID,PLA_DESCRIPTION,PLA_START_DATE,PLA_END_DATE,PLA_STATUS,PLA_EFF_START,PLA_EFF_END,PLA_OBSERVATION,PLA_FILTRE,PLA_BAN_ID,VERSION) values ('8106','pla3',null,null,'E',null,null,null,'R','50','9');
Insert into MON_PLANNED_ACT (PLA_ID,PLA_DESCRIPTION,PLA_START_DATE,PLA_END_DATE,PLA_STATUS,PLA_EFF_START,PLA_EFF_END,PLA_OBSERVATION,PLA_FILTRE,PLA_BAN_ID,VERSION) values ('11550','pla5',null,null,'T',null,null,null,'A','50','0');
Insert into MON_PLANNED_ACT (PLA_ID,PLA_DESCRIPTION,PLA_START_DATE,PLA_END_DATE,PLA_STATUS,PLA_EFF_START,PLA_EFF_END,PLA_OBSERVATION,PLA_FILTRE,PLA_BAN_ID,VERSION) values ('12850','pla6',null,null,'T',null,null,null,'A','3050','0');
Insert into MON_PLANNED_ACT (PLA_ID,PLA_DESCRIPTION,PLA_START_DATE,PLA_END_DATE,PLA_STATUS,PLA_EFF_START,PLA_EFF_END,PLA_OBSERVATION,PLA_FILTRE,PLA_BAN_ID,VERSION) values ('13100','pla22',null,null,'T',null,null,null,'A','3050','18');
Insert into MON_PLANNED_ACT (PLA_ID,PLA_DESCRIPTION,PLA_START_DATE,PLA_END_DATE,PLA_STATUS,PLA_EFF_START,PLA_EFF_END,PLA_OBSERVATION,PLA_FILTRE,PLA_BAN_ID,VERSION) values ('14050','test1',null,null,'S',null,null,null,'R','3050','5');
Insert into MON_PLANNED_ACT (PLA_ID,PLA_DESCRIPTION,PLA_START_DATE,PLA_END_DATE,PLA_STATUS,PLA_EFF_START,PLA_EFF_END,PLA_OBSERVATION,PLA_FILTRE,PLA_BAN_ID,VERSION) values ('14150','tes',null,null,'T',null,null,null,'N','3050','14');
Insert into MON_PLANNED_ACT (PLA_ID,PLA_DESCRIPTION,PLA_START_DATE,PLA_END_DATE,PLA_STATUS,PLA_EFF_START,PLA_EFF_END,PLA_OBSERVATION,PLA_FILTRE,PLA_BAN_ID,VERSION) values ('14550','test2',null,null,'T',null,null,null,'N','3050','0');
Insert into MON_PLANNED_ACT (PLA_ID,PLA_DESCRIPTION,PLA_START_DATE,PLA_END_DATE,PLA_STATUS,PLA_EFF_START,PLA_EFF_END,PLA_OBSERVATION,PLA_FILTRE,PLA_BAN_ID,VERSION) values ('14900','pla3563',null,null,'T',null,null,null,'N','50','0');
Insert into MON_PLANNED_ACT (PLA_ID,PLA_DESCRIPTION,PLA_START_DATE,PLA_END_DATE,PLA_STATUS,PLA_EFF_START,PLA_EFF_END,PLA_OBSERVATION,PLA_FILTRE,PLA_BAN_ID,VERSION) values ('16350','pla36',null,null,'T',null,null,null,'N','50','1');
Insert into MON_PLANNED_ACT (PLA_ID,PLA_DESCRIPTION,PLA_START_DATE,PLA_END_DATE,PLA_STATUS,PLA_EFF_START,PLA_EFF_END,PLA_OBSERVATION,PLA_FILTRE,PLA_BAN_ID,VERSION) values ('4396','Description',null,null,'S',null,null,null,'N','3050','1');